rule,ra,rb,rb_max
0,0.0,[0. 0. 0. 0. 0. 0. 0.],0.0
1,0.07692370763543002,"[0.00636424 0.00631082 0.00838007 0.01087739 0.01307622 0.01578283
 0.01959647]",0.01959646718956003
2,0.0,[0. 0. 0. 0. 0. 0. 0.],0.0
3,0.08762009313376924,"[0.00376261 0.00360067 0.00422562 0.00552766 0.00688559 0.00959967
 0.01234182]",0.012341823520267269
4,0.04112973532504096,"[0.01612494 0.02631208 0.02818046 0.01938874 0.01783167 0.03668095
 0.03691507]",0.036915067199861255
5,0.02523331516024893,"[0.0182656  0.00876077 0.0120694  0.01200433 0.00977482 0.00791542
 0.00696827]",0.018265595625646013
6,0.0433545477290051,"[0.16280961 0.15104527 0.02411368 0.02513971 0.01061965 0.00820688
 0.01475542]",0.16280961417584416
7,0.007019456977336724,"[0.00165603 0.00093323 0.00060301 0.00038721 0.00030921 0.00081572
 0.00649872]",0.006498717878496921
8,0.0,[0. 0. 0. 0. 0. 0. 0.],0.0
9,0.03247487793519056,"[0.00988712 0.00943966 0.00950889 0.00865025 0.00854383 0.00844535
 0.01075937]",0.010759373762165294
10,0.0,[0. 0. 0. 0. 0. 0. 0.],0.0
11,0.03039189055957529,"[0.00461313 0.00472435 0.00497147 0.00583215 0.00684069 0.00987692
 0.01650585]",0.01650585173783934
12,0.02851200220609201,"[0.00718954 0.01276323 0.01527697 0.00961325 0.01443344 0.02468419
 0.03258809]",0.03258808826802236
13,0.017251260670586938,"[0.00858011 0.00761281 0.00375461 0.00893777 0.00729766 0.00985462
 0.00729766]",0.009854619988646913
14,0.11955299863860082,"[0.01281625 0.01355488 0.00275942 0.01460192 0.01399262 0.03404551
 0.0716444 ]",0.07164440128389679
15,0.0,"[7.90737312e-04 2.35475468e-04 1.80521069e-04 1.05523283e-04
 6.25768995e-06 0.00000000e+00 0.00000000e+00]",0.0007907373115480499
16,0.0,[0. 0. 0. 0. 0. 0. 0.],0.0
17,0.08792382243420714,"[0.00362559 0.00382529 0.00383789 0.00566911 0.00696364 0.00940722
 0.01297628]",0.012976275057713177
18,0.02761260481944246,"[0.         0.         0.         0.         0.0525955  0.20476847
 0.03001884]",0.20476846843044
19,0.025418852581568185,"[0.0029159  0.00415808 0.00469521 0.00590836 0.00555086 0.00735621
 0.01259379]",0.012593791179952466
20,0.04627306791942855,"[0.16828978 0.17005856 0.03765631 0.01918268 0.02153227 0.01147054
 0.01617344]",0.1700585628267647
21,0.006956330516137918,"[0.00085916 0.00084712 0.00071145 0.00019307 0.00028314 0.00045139
 0.00659967]",0.006599667536776631
22,0.022053858962092932,"[0.02992111 0.0307219  0.02558271 0.01576051 0.00668622 0.0043586
 0.00562257]",0.030721901592993615
23,0.0006187485351075533,"[0.00024288 0.00056614 0.00062245 0.0007291  0.00065545 0.00046404
 0.00054213]",0.0007291001031900046
24,0.0,[0. 0. 0. 0. 0. 0. 0.],0.0
25,0.004694424909344136,"[0.00170504 0.00209223 0.00179809 0.00165251 0.0026818  0.00207014
 0.00494267]",0.004942670227004313
26,0.26409397122372974,"[0.00994096 0.04645878 0.12947263 0.15825574 0.06304006 0.02116199
 0.00590029]",0.1582557383356416
27,0.01934735986367742,"[0.00217368 0.00395401 0.00417491 0.00452944 0.00530064 0.00779653
 0.00972628]",0.009726277707797987
28,7.63130356659909e-05,"[0.00053435 0.0004452  0.00055714 0.00049677 0.00015246 0.000378
 0.00022473]",0.0005571438933409348
29,0.00011723778364612292,"[0.00068806 0.00042342 0.00038776 0.00044039 0.00036644 0.00017539
 0.00023095]",0.0006880568423638934
30,0.00030674682956447115,"[0.00178891 0.00087106 0.00067646 0.00053264 0.00036925 0.0004143
 0.00028155]",0.0017889084066160968
31,0.007647138615398123,"[0.00107338 0.00097245 0.00058542 0.00042846 0.00024023 0.00115435
 0.00621018]",0.006210183464890726
32,0.0,[0. 0. 0. 0. 0. 0. 0.],0.0
33,0.04298297345685459,"[0.00546321 0.00475758 0.00524219 0.00374396 0.00286801 0.00165488
 0.00405496]",0.005463209184659678
34,0.0,[0. 0. 0. 0. 0. 0. 0.],0.0
35,0.09408656603395452,"[0.00145791 0.00193281 0.00269104 0.00183964 0.00352899 0.00653673
 0.01308476]",0.013084760256145203
36,0.016930492117477082,"[0.0209796  0.02021922 0.01219848 0.02543426 0.02280411 0.01914485
 0.02487383]",0.02543425744327351
37,0.043501663915160416,"[0.00699549 0.00801223 0.00521438 0.00421608 0.00462217 0.00314958
 0.0006237 ]",0.008012230480665638
38,0.002167727386450256,"[0.01111302 0.00176994 0.00250308 0.00176994 0.00250308 0.00216773
 0.00125154]",0.011113019091638402
39,0.01901378713950834,"[0.00289901 0.00323241 0.00490499 0.00462783 0.00670852 0.00816856
 0.01025111]",0.01025111091940382
40,0.0,[0. 0. 0. 0. 0. 0. 0.],0.0
41,0.006669041518044582,"[0.0084437  0.00586792 0.00397466 0.00278865 0.00107301 0.0046085
 0.01208489]",0.012084892373099067
42,0.0,[0. 0. 0. 0. 0. 0. 0.],0.0
43,0.05603549402779446,"[0.0007407  0.0011424  0.00183057 0.00109874 0.00115041 0.00090435
 0.0008488 ]",0.001830567593401032
44,0.01725126067058701,"[0.01126384 0.00811089 0.01032045 0.01359518 0.00761281 0.01353745
 0.01076614]",0.013595182462819218
45,0.10894424564666066,"[0.0107254  0.01133725 0.01454061 0.01214299 0.01041645 0.00853737
 0.00537074]",0.01454060535991869
46,0.0,"[1.22617204e-01 8.91100570e-02 4.43756155e-02 1.63351492e-02
 3.30319335e-03 1.50184559e-05 0.00000000e+00]",0.12261720360275223
47,0.034503996315132915,"[0.00500969 0.00495782 0.00389894 0.0063778  0.00710623 0.00993611
 0.01704371]",0.017043705627977173
48,0.0,[0. 0. 0. 0. 0. 0. 0.],0.0
49,0.09396536402869941,"[0.00184349 0.0011255  0.00160752 0.00144764 0.00318704 0.00647419
 0.01239517]",0.012395174251365833
50,0.04580003962173067,"[0.         0.         0.         0.04015371 0.28497936 0.07706353
 0.04775793]",0.28497935767162896
51,0.0003101163658513944,"[0.00203819 0.00236758 0.00083624 0.00110048 0.00141429 0.00081802
 0.00070526]",0.002367578117076061
52,0.0025030759801935587,"[0.0054117  0.00217021 0.00216773 0.00216773 0.00279852 0.00216773
 0.00216773]",0.005411702223385423
53,0.019204428665933998,"[0.00213196 0.0040389  0.00440167 0.00428123 0.00639004 0.00754606
 0.0099605 ]",0.009960501652186348
54,0.04224636690504088,"[0.03716543 0.02113188 0.02076784 0.01811129 0.01603152 0.01133718
 0.00328919]",0.03716542781745956
55,0.025592977056279415,"[0.00362553 0.0044505  0.00500933 0.00406274 0.00621188 0.00768575
 0.01278736]",0.012787358074707654
56,0.0,[0. 0. 0. 0. 0. 0. 0.],0.0
57,0.1638083487756259,"[0.00176119 0.00218415 0.00145792 0.00130679 0.00174134 0.00085808
 0.00134031]",0.002184148229101944
58,0.06396902961309715,"[0.09724399 0.19676164 0.14475758 0.05844191 0.03169868 0.02836865
 0.03520727]",0.1967616364035613
59,0.09343980701269287,"[0.00214678 0.00178284 0.00163351 0.00112621 0.00298991 0.00706435
 0.01348456]",0.013484559516053771
60,0.011936191159962554,"[0.00439668 0.00456543 0.00502422 0.00282913 0.00210987 0.00151806
 0.00139791]",0.00502421738608028
61,0.03317635677472318,"[0.0020272  0.00206493 0.00230585 0.00183341 0.00284402 0.00271318
 0.00464467]",0.004644665054523037
62,0.07354874472992298,"[0.00790328 0.00762136 0.01019313 0.00979816 0.0114088  0.00794983
 0.00248572]",0.011408802710588362
63,0.0872971543138886,"[0.00426292 0.0043271  0.0049274  0.00581058 0.00766347 0.00994749
 0.01248863]",0.012488626088405211
64,0.0,[0. 0. 0. 0. 0. 0. 0.],0.0
65,0.03725791441167394,"[0.01076502 0.00987797 0.00904404 0.00937904 0.00826416 0.00801179
 0.01041382]",0.010765021212505343
66,0.0,[0. 0. 0. 0. 0. 0. 0.],0.0
67,0.0051347489283173915,"[0.00216948 0.00143497 0.00179779 0.00133053 0.00200011 0.00213413
 0.00473873]",0.0047387315626728176
68,0.02142287961064187,"[0.0125778  0.01024428 0.01970924 0.01388023 0.01365267 0.0144876
 0.0109822 ]",0.019709239977293923
69,0.012639914111530124,"[0.00969437 0.00876077 0.01032045 0.00781585 0.00867091 0.01032045
 0.00331126]",0.010320446655284551
70,7.312666969712537e-05,"[0.00103147 0.00058705 0.00039929 0.0003984  0.00025759 0.0003341
 0.00017375]",0.0010314723291251142
71,5.2250774298209963e-05,"[0.00072052 0.00052021 0.00055061 0.0008775  0.00094914 0.00043268
 0.0002495 ]",0.000949137895205573
72,0.030553936162639826,"[0.01954965 0.03244357 0.01970924 0.03320706 0.02503076 0.02672554
 0.01906286]",0.03320705539221238
73,0.14979026444218208,"[0.00906349 0.01264595 0.00891515 0.01142046 0.01523976 0.01845893
 0.0154525 ]",0.018458925457640548
74,0.07336190743493687,"[0.02671696 0.01677369 0.02293152 0.00902497 0.01347948 0.02400866
 0.01787554]",0.02671696152974725
75,0.12476268734743433,"[0.01425877 0.01355713 0.01253161 0.01672324 0.0069947  0.00673801
 0.00840267]",0.016723242867870126
76,0.02927100946907283,"[0.0144876  0.01998546 0.01294601 0.01009022 0.00928165 0.03386098
 0.02943111]",0.03386098423495416
77,0.007297657814825585,"[0.00928165 0.01421474 0.00848834 0.00500615 0.01061965 0.01238959
 0.00936565]",0.014214739074093439
78,0.0060021653455295445,"[0.00781585 0.00500615 0.00791542 0.00718954 0.01300636 0.00876077
 0.00685496]",0.013006364318701422
79,0.01206939529060834,"[0.00468283 0.01091066 0.00811089 0.00848834 0.00673974 0.00662252
 0.00936565]",0.010910655245667708
80,0.0,[0. 0. 0. 0. 0. 0. 0.],0.0
81,0.025968489823997562,"[0.00369006 0.00465682 0.00503981 0.00489294 0.00681275 0.01005838
 0.01669821]",0.016698214741326017
82,0.26446553683121177,"[0.01049512 0.01768698 0.12031136 0.14290522 0.04704524 0.0198894
 0.0080472 ]",0.14290522381276516
83,0.01961114980187365,"[0.00356642 0.00406773 0.00344936 0.00516719 0.00626713 0.00786528
 0.01001996]",0.01001995821726926
84,0.11056118055843744,"[0.00702218 0.00601261 0.01381457 0.01598378 0.01650892 0.03251591
 0.0911649 ]",0.09116489998633255
85,0.0,"[2.85199669e-04 2.53392404e-04 1.88903481e-04 1.18162685e-04
 3.25640469e-05 0.00000000e+00 0.00000000e+00]",0.00028519966874611364
86,0.0002707664189420583,"[0.00148779 0.00076651 0.00078702 0.00059111 0.00076836 0.0003279
 0.0003474 ]",0.0014877897042555165
87,0.005966137913796947,"[0.00189032 0.00114621 0.00059345 0.00062171 0.00033831 0.00121336
 0.00772622]",0.0077262154793817026
88,0.06941242266234675,"[0.01765119 0.0222821  0.02402219 0.01415954 0.01061965 0.01822267
 0.01697669]",0.024022186453191405
89,0.13489289054478498,"[0.02041206 0.01241751 0.01808746 0.01280578 0.00729557 0.00823953
 0.00613167]",0.02041205506754633
90,0.00125265011325081,"[0.00434468 0.00980646 0.00449428 0.00290132 0.00181085 0.00149814
 0.00211691]",0.009806462558630036
91,0.04203077945563428,"[0.00814891 0.00764193 0.00711171 0.00685384 0.00376053 0.0025849
 0.00083944]",0.008148913494647327
92,0.006131258938891049,"[0.00516022 0.00919689 0.00625769 0.00625769 0.00928165 0.00761281
 0.00600217]",0.009281654148698384
93,0.011470535149462776,"[0.00919689 0.00468283 0.01112391 0.00468283 0.01091066 0.00500615
 0.00936565]",0.01112391297663667
94,0.010242140666155999,"[0.00848834 0.01238959 0.00830176 0.01174047 0.01076614 0.01454156
 0.00858011]",0.014541557378372245
95,0.024049402394592564,"[0.00969437 0.00801375 0.00530983 0.01288537 0.00696827 0.0109822
 0.00902497]",0.012885372253430599
96,0.0,[0. 0. 0. 0. 0. 0. 0.],0.0
97,0.007568275300916893,"[0.005551   0.005132   0.00390285 0.00222361 0.00157876 0.0047906
 0.01238745]",0.012387452244214028
98,0.0,[0. 0. 0. 0. 0. 0. 0.],0.0
99,0.16333140463317983,"[0.00207206 0.00188958 0.00179592 0.00215861 0.00138795 0.00087908
 0.00103386]",0.0021586142529536894
100,0.01336276905565331,"[0.00820688 0.01213411 0.01388023 0.01251538 0.00650318 0.01404848
 0.01443344]",0.01443344021039956
101,0.134934531610092,"[0.01164611 0.0191992  0.01636097 0.01133034 0.01193579 0.00833949
 0.00620573]",0.01919920078237272
102,0.016994871696327598,"[0.00737374 0.00396592 0.00350547 0.00324583 0.00228306 0.00260141
 0.00138768]",0.007373740130991519
103,0.03220382587963211,"[0.0015491  0.00241097 0.00197323 0.00239547 0.00188708 0.0026824
 0.00474816]",0.004748160463485006
104,0.034863814139429086,"[0.02138629 0.02138629 0.01459532 0.04553948 0.04097712 0.03146318
 0.02741982]",0.045539476051310285
105,0.001411419714118756,"[0.00308495 0.00216939 0.0019723  0.0014997  0.00153302 0.00125216
 0.0013432 ]",0.00308494924629838
106,0.003539883998840059,"[0.02039325 0.02014997 0.00676998 0.00577312 0.00542163 0.0042985
 0.00383478]",0.02039325278436734
107,0.007733830376984075,"[0.00779618 0.00566324 0.00403391 0.00249635 0.00138346 0.00394394
 0.01158286]",0.011582855765970576
108,0.01568016451020071,"[0.00614868 0.01114332 0.00356963 0.00606728 0.02290645 0.0224014
 0.01507563]",0.022906450887038687
109,0.13867071910321146,"[0.01187028 0.01653132 0.01261195 0.01700393 0.01073361 0.01558179
 0.00978693]",0.017003931353664518
110,0.023478217143147687,"[0.01692581 0.01728808 0.01898094 0.01902237 0.02248503 0.02156982
 0.01954362]",0.022485029998255267
111,0.03359691082337685,"[0.01046424 0.01008481 0.00985629 0.00834599 0.0088903  0.00879352
 0.01073143]",0.010731433040505176
112,0.0,[0. 0. 0. 0. 0. 0. 0.],0.0
113,0.05063227387391831,"[0.0020072  0.00139376 0.00183055 0.00159765 0.00124485 0.00152874
 0.00108545]",0.0020072020201642956
114,0.06379260352314828,"[0.09513358 0.16166567 0.17314114 0.0547822  0.03516726 0.02781241
 0.03555986]",0.1731411363421451
115,0.09409779154351647,"[0.00136261 0.00185792 0.00143328 0.00150309 0.0027636  0.0069782
 0.01307393]",0.013073931140934341
116,0.0,"[0.11027418 0.08478348 0.04512425 0.01118565 0.00357148 0.
 0.        ]",0.11027418223569564
117,0.034894617941379956,"[0.00425962 0.00451228 0.00524367 0.00572476 0.00674598 0.00957102
 0.01709031]",0.017090312077569596
118,0.07631053071823177,"[0.0072931  0.00915398 0.00975889 0.01025034 0.00961276 0.00723264
 0.00235852]",0.010250339719827072
119,0.0872115780093223,"[0.00240949 0.00348839 0.00421517 0.00569058 0.00722018 0.0094852
 0.01278855]",0.01278854821153133
120,0.0025150670293375013,"[0.02656487 0.01451304 0.01726385 0.00425868 0.0058895  0.00471912
 0.00354478]",0.026564870964909563
121,0.007682996720181329,"[0.00585447 0.00458383 0.00348227 0.00268136 0.00102521 0.00427095
 0.01112781]",0.011127810028629035
122,0.08079999421420742,"[0.0057219  0.00329589 0.00439472 0.00294832 0.0024279  0.00412029
 0.0134554 ]",0.013455402506439514
123,0.04643057230502309,"[0.00524482 0.00570318 0.00341819 0.00408003 0.00229337 0.0017823
 0.00338828]",0.005703178287879978
124,0.01747049297620469,"[0.01593695 0.01815431 0.01838879 0.01945717 0.02019567 0.02047274
 0.01959352]",0.02047274084227838
125,0.0684615790268765,"[0.01120021 0.01005776 0.01050682 0.00845833 0.00811336 0.00862223
 0.0106111 ]",0.011200205418975871
126,0.07239895437684943,"[0.00878091 0.01114742 0.01493766 0.01915478 0.02153485 0.02547869
 0.03144742]",0.03144741574767939
127,0.08012969969164291,"[0.00623242 0.00666856 0.00853164 0.01023544 0.01330261 0.01574898
 0.01966653]",0.019666526247993515
128,0.0,[0. 0. 0. 0. 0. 0. 0.],0.0
129,0.07272881829901535,"[0.00920905 0.01156341 0.0141602  0.01885392 0.02189    0.02492444
 0.03066067]",0.030660671973096888
130,0.0,[0. 0. 0. 0. 0. 0. 0.],0.0
131,0.07365232342078963,"[0.00704566 0.00810105 0.00972318 0.01012341 0.0097314  0.0081806
 0.00227779]",0.010123409515247279
132,0.01119409608911943,"[0.01459532 0.00969437 0.0111941  0.01537916 0.01602751 0.0172058
 0.01415954]",0.017205802724194134
133,0.013763734975786503,"[0.01276323 0.01032045 0.00750923 0.01147054 0.0100123  0.01294601
 0.01597857]",0.01597856741159368
134,0.06431736411476406,"[0.09814128 0.03537592 0.01731947 0.03342322 0.00650244 0.027334
 0.01947017]",0.09814127957558802
135,0.0003353864958141826,"[0.00121169 0.00061417 0.00077716 0.00041071 0.00055153 0.00023659
 0.0002178 ]",0.0012116878663712338
136,0.0,[0. 0. 0. 0. 0. 0. 0.],0.0
137,0.030767599618776766,"[0.01593232 0.01729121 0.01943678 0.01932836 0.01962917 0.02118234
 0.01959095]",0.021182336977144244
138,0.0,"[0.05117264 0.01870564 0.01264484 0.00338586 0.         0.
 0.        ]",0.051172639900771484
139,0.4309057502908412,"[0.02257295 0.02662206 0.03732839 0.04710715 0.04609096 0.04163943
 0.01904063]",0.047107148411797334
140,0.0,[0. 0. 0. 0. 0. 0. 0.],0.0
141,0.0074041986009926695,"[0.00750923 0.00750923 0.00876077 0.00433545 0.00451248 0.00993377
 0.00696827]",0.009933774834437095
142,0.0,"[0.05560475 0.02148715 0.00636701 0.00063968 0.         0.
 0.        ]",0.055604749899236534
143,0.0,"[5.56081582e-04 2.63691659e-04 2.41812557e-04 8.85767116e-05
 9.53142937e-06 0.00000000e+00 0.00000000e+00]",0.0005560815818248994
144,0.0,[0. 0. 0. 0. 0. 0. 0.],0.0
145,0.07624882312739846,"[0.00645752 0.00876587 0.0091169  0.01072863 0.01038566 0.00718285
 0.00195103]",0.01072863055708205
146,0.040072286811689985,"[6.51492774e-03 1.15141495e-04 0.00000000e+00 1.51821205e-03
 1.91161760e-01 8.96629987e-02 8.69894703e-03]",0.19116176022299514
147,0.03741292672198679,"[0.03320156 0.01682064 0.01730613 0.01458242 0.01690827 0.01111685
 0.00333046]",0.0332015590989295
148,0.07514440872788224,"[0.06794736 0.03230685 0.02037188 0.01757249 0.01333354 0.01432451
 0.01300636]",0.0679473621844944
149,0.00036297622540866535,"[0.00119402 0.00150513 0.00040996 0.00056071 0.00033434 0.00032849
 0.00015535]",0.0015051309322518592
150,0.001880631463861017,"[0.00899527 0.01160849 0.00642429 0.00620023 0.00426869 0.00182042
 0.00168529]",0.011608487396889874
151,0.020360574429442852,"[0.0267592  0.03279053 0.02542434 0.01705325 0.00906553 0.0038681
 0.00582363]",0.032790525178472044
152,0.0,"[0.01028039 0.         0.         0.         0.         0.
 0.        ]",0.010280387728015317
153,0.016593415332393613,"[0.00704309 0.00848154 0.00344788 0.00297688 0.00188748 0.00130529
 0.00211411]",0.00848154442457255
154,0.7952225996490546,"[0.05003485 0.01620348 0.01152029 0.01252125 0.00980559 0.0153398
 0.04404439]",0.05003485358498204
155,0.34363755914359895,"[0.01953034 0.00523945 0.00250896 0.00147269 0.00221605 0.00294295
 0.00825081]",0.0195303448923151
156,0.00017391875544461524,"[0.00107257 0.0005852  0.00051081 0.00041074 0.00029522 0.00015026
 0.00028523]",0.0010725724386171334
157,7.391494790772795e-05,"[0.00073319 0.0009285  0.00049551 0.00051535 0.00036947 0.0007931
 0.00015607]",0.0009284978073279037
158,0.3007722208960948,"[0.09269985 0.05063211 0.02033968 0.04319816 0.03136922 0.01494434
 0.05817632]",0.092699853798004
159,0.2956878083176914,"[0.14776684 0.19720406 0.07521734 0.01967521 0.01355006 0.01804414
 0.03064812]",0.19720406031049664
160,0.0,[0. 0. 0. 0. 0. 0. 0.],0.0
161,0.08142119387593394,"[0.0077904  0.00163714 0.00299098 0.00270599 0.00404313 0.00569677
 0.01424322]",0.01424322018392316
162,0.0,[0. 0. 0. 0. 0. 0. 0.],0.0
163,0.09957743326268652,"[0.08419447 0.18288485 0.09337532 0.04750263 0.02900997 0.02758242
 0.03605381]",0.18288485252215134
164,0.014702242448363354,"[0.01282445 0.0149138  0.01852107 0.01756617 0.0120694  0.00977482
 0.01966946]",0.019669463468582574
165,0.0008642048805103956,"[0.00811461 0.00567598 0.00449637 0.00321002 0.00120923 0.00201418
 0.00181205]",0.008114609829199745
166,0.0025030759801935587,"[0.0033944  0.00216773 0.00216773 0.00250308 0.00250308 0.00216773
 0.00250308]",0.0033943994548280947
167,0.10099163840647932,"[0.02197333 0.06328884 0.1373294  0.10677907 0.03522584 0.01477291
 0.00572868]",0.13732939750545375
168,0.0,[0. 0. 0. 0. 0. 0. 0.],0.0
169,0.09875899757945918,"[0.02081575 0.03635859 0.02729364 0.03873234 0.09421906 0.10170332
 0.10402756]",0.10402756327745327
170,0.0,"[0.14721725 0.03531768 0.0169113  0.00705014 0.00021986 0.
 0.        ]",0.14721724537041425
171,0.6171275242773963,"[0.00126666 0.00121344 0.0028674  0.00231188 0.0031263  0.00534707
 0.01687094]",0.016870938311911915
172,0.024905291544159283,"[0.01300636 0.00993377 0.00791542 0.01532815 0.00729766 0.01160629
 0.01583084]",0.01583084250774032
173,0.4214795597604145,"[0.02244274 0.02389207 0.0231273  0.02459043 0.01545649 0.01617474
 0.03302253]",0.033022528939071524
174,0.0,"[1.75504394e-01 6.20208089e-02 3.04093632e-02 9.53926164e-03
 8.86474174e-05 0.00000000e+00 0.00000000e+00]",0.17550439390628875
175,0.45971404727093984,"[0.00152332 0.0014576  0.00118694 0.00243239 0.00271687 0.005765
 0.01630192]",0.01630192186599784
176,0.0,[0. 0. 0. 0. 0. 0. 0.],0.0
177,0.09998649329705869,"[0.10012815 0.15091319 0.09774546 0.04270989 0.02887    0.02557771
 0.03589452]",0.15091319288070218
178,0.0011126482444587828,"[0.28405796 0.20925205 0.1567416  0.08725243 0.01315713 0.00448952
 0.0021874 ]",0.2840579607370852
179,0.04469583194602611,"[0.00313984 0.00518127 0.00831615 0.07535059 0.24142328 0.07121663
 0.04501452]",0.24142327784269962
180,0.0025030759801935587,"[0.00319379 0.00216773 0.00176994 0.00306563 0.00250308 0.00250308
 0.00250308]",0.003193785424733401
181,0.07202262150695393,"[0.01162031 0.05835699 0.1631794  0.08634201 0.03947667 0.01658242
 0.00508559]",0.16317940424311114
182,0.03891453554691963,"[0.01249958 0.0074222  0.0059564  0.01577765 0.17510869 0.05683236
 0.00461272]",0.17510869483100933
183,0.026423289770250262,"[0.00173812 0.0017533  0.00458894 0.00938305 0.08781727 0.1682964
 0.02486375]",0.16829640146735012
184,0.1888890307729799,"[0.23864551 0.24001935 0.11374893 0.26975155 0.35353293 0.16761866
 0.1883096 ]",0.35353292587699586
185,0.6240942182143904,"[0.00138162 0.00261568 0.00249151 0.00301194 0.00315777 0.00782339
 0.01468113]",0.014681129731112831
186,0.4762036671705731,"[0.01009428 0.01146315 0.00175168 0.00286619 0.00197335 0.00206717
 0.00736707]",0.011463149297363424
187,0.4815380390269078,"[0.00029168 0.00028754 0.0006396  0.00077612 0.00096992 0.00196033
 0.00619323]",0.0061932292631052665
188,0.3149511721670503,"[0.00943346 0.00280712 0.0024019  0.00125838 0.00119083 0.00099453
 0.00383868]",0.009433464756892995
189,0.31757104871189024,"[0.00143905 0.00083171 0.00100597 0.00039226 0.00089007 0.00150215
 0.00483065]",0.004830648876734955
190,0.31904856598438225,"[0.00565482 0.00645538 0.00118734 0.00050619 0.00056483 0.00107383
 0.00426848]",0.0064553821196037305
191,0.3194236568068091,"[0.00022114 0.00058184 0.00048983 0.00059852 0.00089406 0.00152203
 0.00408677]",0.004086765031652898
192,0.0,[0. 0. 0. 0. 0. 0. 0.],0.0
193,0.04510007914596831,"[0.01790668 0.01780362 0.01932838 0.01885694 0.02061615 0.02077471
 0.01855106]",0.020774705471175398
194,0.0,"[0.00390776 0.         0.         0.         0.         0.
 0.        ]",0.003907758778553448
195,0.016600911868407432,"[0.00431211 0.00410813 0.00516214 0.0022042  0.002742   0.0032813
 0.00212721]",0.005162137718929337
196,0.0,[0. 0. 0. 0. 0. 0. 0.],0.0
197,0.007714998311400279,"[0.00830176 0.00395771 0.00902497 0.00662252 0.01187313 0.00977482
 0.0074042 ]",0.011873131880805165
198,6.548785397853e-05,"[0.00089637 0.00048988 0.00052464 0.00070368 0.00042776 0.00023796
 0.00020009]",0.0008963712197517944
199,0.0007018550955594189,"[0.00103119 0.00094787 0.00058045 0.00029501 0.00046775 0.00023758
 0.00014131]",0.0010311883202623424
200,0.0,[0. 0. 0. 0. 0. 0. 0.],0.0
201,0.007736085240949581,"[0.02166842 0.01211974 0.01662916 0.01133318 0.01795038 0.01542263
 0.01284032]",0.021668424840303107
202,0.0285394571977265,"[0.01200433 0.00830176 0.01622179 0.01393654 0.01032045 0.01636598
 0.00985462]",0.016365982868501754
203,0.018006496036588694,"[0.01148759 0.01009652 0.00791176 0.01259243 0.00763931 0.00977482
 0.01598935]",0.015989347053809833
204,0.0,[0. 0. 0. 0. 0. 0. 0.],0.0
205,0.024203592820181724,"[0.00375461 0.01558152 0.00600217 0.01342125 0.01636598 0.01312624
 0.0239106 ]",0.02391059972772015
206,0.0,[0. 0. 0. 0. 0. 0. 0.],0.0
207,0.02657861265445626,"[0.00662252 0.0144876  0.01443344 0.01410412 0.01076614 0.01998546
 0.00600217]",0.01998545901066943
208,0.0,"[0.07179805 0.03225538 0.01300034 0.00406821 0.00017647 0.
 0.        ]",0.07179805400826657
209,0.42970375999811705,"[0.02897982 0.03075045 0.04535309 0.03737654 0.05268762 0.04524169
 0.01284644]",0.052687615021655664
210,0.784815212747509,"[0.04864654 0.06211527 0.02344571 0.01031181 0.00612039 0.01414986
 0.04220496]",0.06211526545148889
211,0.34351446964161203,"[0.01233476 0.00487913 0.00340138 0.00276527 0.00211807 0.00409824
 0.00899816]",0.012334764778843885
212,0.0,"[0.05659741 0.02183545 0.00581665 0.00016839 0.         0.
 0.        ]",0.056597410186335025
213,0.0,"[4.25611251e-04 2.14965996e-04 1.30135881e-04 6.27019284e-05
 1.54806700e-05 0.00000000e+00 0.00000000e+00]",0.00042561125132229165
214,0.30124673904541804,"[0.0905162  0.0594142  0.03541943 0.04931538 0.02211074 0.01442287
 0.04372196]",0.09051619507570863
215,0.3019083108211431,"[0.13728799 0.16417329 0.06493427 0.02922383 0.02596449 0.02206655
 0.03938925]",0.16417329161083088
216,0.032152593127656316,"[0.02334714 0.01180699 0.00928165 0.01232622 0.00395771 0.01573159
 0.00928165]",0.023347138465947197
217,0.017611412245263865,"[0.011702   0.01349342 0.00848834 0.01056339 0.00534877 0.00803183
 0.01503097]",0.015030966259077717
218,0.019469361993620243,"[0.0148084  0.02164111 0.02145941 0.01537916 0.01039606 0.01716022
 0.01147054]",0.021641114917120008
219,0.021386290549588186,"[0.01300636 0.01365267 0.01843631 0.01679114 0.02604282 0.02207111
 0.02826371]",0.028263707183140307
220,0.0,[0. 0. 0. 0. 0. 0. 0.],0.0
221,0.019388743171162896,"[0.01069315 0.00559705 0.01219848 0.01683772 0.01312624 0.01532815
 0.02105413]",0.021054127799685803
222,0.009613245710927892,"[0.01578129 0.00468283 0.01393654 0.01558152 0.00587023 0.01047112
 0.01617344]",0.016173435191370874
223,0.042918812572237744,"[0.0206788  0.03249182 0.01512239 0.02784496 0.01622179 0.02908311
 0.03241942]",0.032491816009601646
224,0.0,[0. 0. 0. 0. 0. 0. 0.],0.0
225,0.09809075665361404,"[0.04875248 0.02895096 0.01921475 0.04547268 0.05098967 0.09421104
 0.09785539]",0.09785538837918853
226,0.1672925916023251,"[0.22359347 0.24886871 0.18771082 0.2882878  0.08210455 0.19997459
 0.10386509]",0.2882877978174282
227,0.6237457687889768,"[0.0025095  0.00316625 0.00280118 0.00292953 0.00367648 0.00668387
 0.0162368 ]",0.016236801814692614
228,0.022666317030673476,"[0.01432451 0.01024428 0.01232622 0.00500615 0.01032045 0.00625769
 0.01688417]",0.01688417057481055
229,0.41593256305126786,"[0.03473187 0.01529899 0.02236801 0.01726885 0.01465216 0.02215626
 0.03137461]",0.034731871173134005
230,0.3141898290592302,"[0.00647854 0.00371057 0.002846   0.00201794 0.00082463 0.00192007
 0.00334928]",0.006478540317591892
231,0.31719411075457504,"[0.00165681 0.00244526 0.00279056 0.0021822  0.00096133 0.00304539
 0.00406117]",0.004061166726250797
232,0.012452645772079633,"[0.01558152 0.02094224 0.02327995 0.02018044 0.01517409 0.01636598
 0.01382369]",0.023279952316677777
233,0.026312079442144677,"[0.02033509 0.02951083 0.03601299 0.02446109 0.02189297 0.04186577
 0.02921745]",0.04186576971934807
234,0.0012515379900968273,"[0.00279852 0.00306563 0.00306563 0.00176994 0.00468283 0.00685496
 0.00125154]",0.00685495588750678
235,0.0,"[0.         0.00216773 0.00176994 0.00176994 0.00125154 0.00176994
 0.00125154]",0.002167727386450194
236,0.0,[0. 0. 0. 0. 0. 0. 0.],0.0
237,0.01906285873189202,"[0.0329466  0.02417121 0.01679114 0.01994623 0.03706328 0.02741982
 0.02534171]",0.03706327856187099
238,0.0,[0. 0. 0. 0. 0. 0. 0.],0.0
239,0.0,[0. 0. 0. 0. 0. 0. 0.],0.0
240,0.0,"[7.87555641e-02 3.26519042e-02 1.86138409e-02 4.13049916e-03
 9.51168872e-05 0.00000000e+00 0.00000000e+00]",0.07875556409821292
241,0.6181163311053904,"[0.0022447  0.00105945 0.00228835 0.00229853 0.00350417 0.00700436
 0.01689629]",0.01689629286115631
242,0.47619067356129535,"[0.01227802 0.00484925 0.00515634 0.00221797 0.00177898 0.0026886
 0.00744067]",0.012278024692746314
243,0.48109565574992946,"[0.00077315 0.00073836 0.00060998 0.00070355 0.00145883 0.0023153
 0.00623384]",0.006233835475130533
244,0.0,"[0.20207625 0.09397019 0.03215281 0.01117427 0.00055051 0.
 0.        ]",0.20207625245172517
245,0.4601920933256734,"[0.00147057 0.00137749 0.00113645 0.00123529 0.00235689 0.00520237
 0.01748951]",0.01748950827990382
246,0.3186671650110436,"[0.00635055 0.00236522 0.00061827 0.00050362 0.00036014 0.00100732
 0.00423857]",0.006350549550768059
247,0.3193077856037305,"[0.00055527 0.00042067 0.00057276 0.00052968 0.00057438 0.0012142
 0.00400742]",0.004007423471705667
248,0.004512484396485021,"[0.00176994 0.00415088 0.01312624 0.00685496 0.01133316 0.00250308
 0.01039606]",0.013126241178346062
249,0.0,"[0.00216773 0.         0.00216773 0.00176994 0.00176994 0.00176994
 0.00176994]",0.002167727386450194
250,0.0,[0. 0. 0. 0. 0. 0. 0.],0.0
251,0.0,[0. 0. 0. 0. 0. 0. 0.],0.0
252,0.0,[0. 0. 0. 0. 0. 0. 0.],0.0
253,0.0,"[0.00125154 0.         0.00125154 0.00125154 0.         0.00125154
 0.        ]",0.0012515379900967434
254,0.0,[0. 0. 0. 0. 0. 0. 0.],0.0
255,0.0,[0. 0. 0. 0. 0. 0. 0.],0.0
